,Class,Images,Instances,Box-P,Box-R,Box-F1,mAP50,mAP50-95
0,person,766,1642,0.84048,0.7497,0.7925,0.85839,0.50144
1,bicycle,269,317,0.71207,0.56172,0.62802,0.65915,0.38545
2,car,2103,12761,0.94161,0.94742,0.9445,0.98049,0.83687
3,motorcycle,1310,3396,0.87869,0.85718,0.8678,0.93067,0.58349
4,bus,408,507,0.889,0.90533,0.89709,0.94004,0.70829
5,van,81,83,0.72257,0.80723,0.76256,0.79882,0.62155
6,truck,204,253,0.86086,0.83143,0.84589,0.8732,0.63605
