,Class,Images,Instances,Box-P,Box-R,Box-F1,mAP50,mAP50-95
0,person,1163,2486,0.85243,0.71802,0.77947,0.84967,0.48762
1,bicycle,406,484,0.76123,0.4938,0.59902,0.65632,0.38565
2,car,3144,19121,0.93723,0.94618,0.94169,0.97864,0.83412
3,motorcycle,1967,5071,0.87208,0.87478,0.87343,0.92593,0.58531
4,bus,646,797,0.87309,0.89769,0.88522,0.9329,0.70042
5,train,123,126,0.68772,0.7381,0.71202,0.74583,0.55239
6,truck,294,352,0.86858,0.81818,0.84263,0.87324,0.6339
