,Class,Images,Instances,Box-P,Box-R,Box-F1,mAP50,mAP50-95
0,person,1163,2486,0.78195,0.69107,0.73371,0.78829,0.42791
1,bicycle,406,484,0.65255,0.357,0.46152,0.4841,0.26026
2,car,3144,19121,0.90264,0.93886,0.92039,0.9691,0.79209
3,motorcycle,1967,5071,0.80102,0.8272,0.8139,0.8808,0.50612
4,bus,646,797,0.83102,0.86575,0.84803,0.89517,0.64648
5,train,123,126,0.60435,0.46068,0.52283,0.53727,0.42662
6,truck,294,352,0.84269,0.71529,0.77378,0.81214,0.5621
