,Class,Images,Instances,Box-P,Box-R,Box-F1,mAP50,mAP50-95
0,person,1163,2486,0.39208,0.56635,0.46337,0.42893,0.17594
1,bicycle,406,484,0.12266,0.11157,0.11685,0.03909,0.0118
2,car,3144,19121,0.93441,0.66829,0.77925,0.87069,0.61318
3,motorcycle,1967,5071,0.61359,0.06858,0.12337,0.20605,0.06143
4,bus,646,797,0.7884,0.47685,0.59427,0.59388,0.38086
5,train,123,126,0.02973,0.02381,0.02644,0.00733,0.00512
6,truck,294,352,0.22028,0.41477,0.28775,0.25371,0.16814
