,Class,Images,Instances,Box-P,Box-R,Box-F1,mAP50,mAP50-95
0,person,766,1642,0.40378,0.55542,0.46762,0.42869,0.17501
1,bicycle,269,317,0.13176,0.11672,0.12379,0.04172,0.01343
2,car,2103,12761,0.93979,0.65683,0.77324,0.87158,0.61347
3,motorcycle,1310,3396,0.59514,0.06007,0.10913,0.20462,0.06131
4,bus,408,507,0.81344,0.4644,0.59125,0.59727,0.37954
5,train,81,83,0.03031,0.0241,0.02685,0.00664,0.00462
6,truck,204,253,0.24645,0.43478,0.31458,0.29036,0.188
